/*insert into SPECIFICATION (COVER, ROOF_TYPE,TRIBUNE,PARKING, SHOWER, DRESSINGROOM, ID, WIDTH, HEIGHT)
values ('газон','крытая',false,false,true,true,11,50,70);

insert into SPECIFICATION (COVER, ROOF_TYPE,TRIBUNE,PARKING, SHOWER, DRESSINGROOM, ID, WIDTH, HEIGHT)
values ('газон','крытая',false,false,true,true,12,50,70);

insert into SPECIFICATION (COVER, ROOF_TYPE,TRIBUNE,PARKING, SHOWER, DRESSINGROOM, ID, WIDTH, HEIGHT)
values ('газон','крытая',true,true,true,true,13,50,70);

insert into SPECIFICATION (COVER, ROOFTYPE,TRIBUNE,PARKING, SHOWER, DRESSINGROOM, ID, WIDTH, HEIGHT)
values ('газон','открытая',false,true,true,true,14,50,70);

insert into SPECIFICATION (COVER, ROOFTYPE,TRIBUNE,PARKING, SHOWER, DRESSINGROOM, ID, WIDTH, HEIGHT)
values ('газон','открытая',false,true,true,true,15,50,70);

insert into SPECIFICATION (COVER, ROOF_TYPE,TRIBUNE,PARKING, SHOWER, DRESSINGROOM, ID, WIDTH, HEIGHT)
values ('газон','открытая',1,false,true,true,16,50,70);

insert into SPECIFICATION (COVER, ROOFTYPE,TRIBUNE,PARKING, SHOWER, DRESSINGROOM, ID, WIDTH, HEIGHT)
values ('газон','открытая',false,false,true,true,17,50,70);

insert into SPECIFICATION (COVER, ROOFTYPE,TRIBUNE,PARKING, SHOWER, DRESSINGROOM, ID, WIDTH, HEIGHT)
values ('газон','крытая',false,true,true,true,18,50,70);

insert into SPECIFICATION (COVER, ROOFTYPE,TRIBUNE,PARKING, SHOWER, DRESSINGROOM, ID, WIDTH, HEIGHT)
values ('газон','открытая',false,false,true,true,19,50,70);

insert into SPECIFICATION (COVER, ROOFTYPE,TRIBUNE,PARKING, SHOWER, DRESSINGROOM, ID, WIDTH, HEIGHT)
values ('газон','открытая',false,false,true,true,20,50,70);

insert into PLAYGROUND (PLAYGROUND_NAME, PLAYGROUND_ADDRESS, PRICE, start_time, close_time, PHONE, SPORT_ID,SPECIFICATION_ID, ID, DESCRIPTION,COMPANY_ID,VISIBLE) values ('ФУТБОЛЬНЫЕ ПОЛЯ OLZHA SPORT','угол улиц Шевченко - Жарокова',7000,'7','23','7 (701) 5013330',1,11,11,'PLayground',1,true);

insert into PLAYGROUND (PLAYGROUND_NAME, PLAYGROUND_ADDRESS, PRICE, start_time, close_time, PHONE, SPORT_ID,SPECIFICATION_ID, ID,DESCRIPTION,COMPANY_ID,VISIBLE) values ('АКАДЕМИИ AIFA','проспект Аль-фараби 142',15000,'9','18','7 (771) 7626030',1,12,12,'PLaygroud',1,true);

insert into PLAYGROUND (PLAYGROUND_NAME, PLAYGROUND_ADDRESS, PRICE, start_time, close_time, PHONE, SPORT_ID,SPECIFICATION_ID, ID, DESCRIPTION,COMPANY_ID,VISIBLE) values ('ПОЛЕ КАЗНУ','проспект Аль-Фараби, 71/20а',7000,'9','19','7 (701) 8002220',1,13,13,'PLayground',1,true);

insert into PLAYGROUND (PLAYGROUND_NAME, PLAYGROUND_ADDRESS, PRICE, start_time, close_time, PHONE, SPORT_ID,SPECIFICATION_ID, ID,DESCRIPTION,COMPANY_ID,VISIBLE) values ('ПОЛЕ АУЭИС','Территория АУЭС въезд с Сатпаева - Масанчи',7000,'9','21','7 (701) 0222212',1,14,14,'PLayground',1,true);

insert into PLAYGROUND (PLAYGROUND_NAME, PLAYGROUND_ADDRESS, PRICE, start_time, close_time, PHONE, SPORT_ID,SPECIFICATION_ID, ID,DESCRIPTION,COMPANY_ID,VISIBLE) values ('ПОЛЕ ТУРАН ','Наурызбай Батыра - Сатпаева',7000,'9','19','7 (701) 9494419',1,15,15,'PLayground',1,true);

insert into PLAYGROUND (PLAYGROUND_NAME, PLAYGROUND_ADDRESS, PRICE, start_time, close_time, PHONE, SPORT_ID,SPECIFICATION_ID, ID,DESCRIPTION,COMPANY_ID,VISIBLE) values ('ФУТБОЛЬНЫЕ ПОЛЯ НА АКАН СЕРЫ 156 ','пр. Сейфуллина ул. Акан Серы 156',9000,,'10','23','7 (727) 2945184',1,16,16,'PLayground',1,true);

insert into PLAYGROUND (PLAYGROUND_NAME, PLAYGROUND_ADDRESS, PRICE, start_time, close_time, PHONE, SPORT_ID,SPECIFICATION_ID, ID,DESCRIPTION,COMPANY_ID,VISIBLE) values ('ФУТБОЛЬНЫЕ ПОЛЯ НА ШАЛАПИНА ','ул. Шаляпина, уг. ул. Яссауи',3000,'9','20','7 (747) 3276168',1,17,17,'.',1,true);

insert into PLAYGROUND (PLAYGROUND_NAME, PLAYGROUND_ADDRESS, PRICE, start_time, close_time, PHONE, SPORT_ID,SPECIFICATION_ID, ID, DESCRIPTION,COMPANY_ID,VISIBLE) values ('Футбольное поле Арман ','ул. Шевченко 110',12000,'9','23','7 (777) 1227120',1,18,18,'.',1,true);

insert into PLAYGROUND (PLAYGROUND_NAME, PLAYGROUND_ADDRESS, PRICE, start_time, close_time, PHONE, SPORT_ID,SPECIFICATION_ID, ID, DESCRIPTION,COMPANY_ID,VISIBLE) values ('ПОЛЕ НА УЛИЦЕ ЛИЗЫ ЧАЙКИНОЙ','Ул. Лизы Чайкиной 3Б',5000,'9','23','7 (707) 0258518',1,19,19,'.',1,true);

insert into PLAYGROUND (PLAYGROUND_NAME, PLAYGROUND_ADDRESS, PRICE, start_time, close_time, PHONE, SPORT_ID,SPECIFICATION_ID, ID, DESCRIPTION,COMPANY_ID,VISIBLE) values ('ПОЛЕ ПРИ ШКОЛЕ KIFS ','Шевченко 110',8000,'20','23','7 (707) 3452268',1,20,20,'.',1,true);

insert into IMAGE (ID,URL,PLAYGROUND_ID) values (1,'https://firebasestorage.googleapis.com/v0/b/playground-2e00d.appspot.com/o/1.jpg?alt=media&token=4f11ab1a-4732-4226-9a5c-2c0d3be5d9a8',11);
insert into IMAGE (ID,URL,PLAYGROUND_ID) values (2,'https://firebasestorage.googleapis.com/v0/b/playground-2e00d.appspot.com/o/2.jpg?alt=media&token=90d311f9-9954-4cd9-871d-15e8b322dac4',12);
insert into IMAGE (ID,URL,PLAYGROUND_ID) values (3,'https://firebasestorage.googleapis.com/v0/b/playground-2e00d.appspot.com/o/3.jpg?alt=media&token=a4bab7b9-1860-4a4f-8604-9bce103e41ec',13);
insert into IMAGE (ID,URL,PLAYGROUND_ID) values (4,'https://firebasestorage.googleapis.com/v0/b/playground-2e00d.appspot.com/o/4.jpg?alt=media&token=a2a49953-112d-455b-8fc0-4d5bfab7831d',14);
insert into IMAGE (ID,URL,PLAYGROUND_ID) values (5,'https://firebasestorage.googleapis.com/v0/b/playground-2e00d.appspot.com/o/5.jpg?alt=media&token=687cf1ea-fd5e-4239-8766-a7d487bf1b20',15);
insert into IMAGE (ID,URL,PLAYGROUND_ID) values (6,'https://firebasestorage.googleapis.com/v0/b/playground-2e00d.appspot.com/o/6.jpg?alt=media&token=eef79e76-0b89-42d8-9601-b29a3fc58bb3',16);
insert into IMAGE (ID,URL,PLAYGROUND_ID) values (7,'https://firebasestorage.googleapis.com/v0/b/playground-2e00d.appspot.com/o/7.jpg?alt=media&token=8ebcccda-0a55-4c47-a6f0-12cb8687192a',17);
insert into IMAGE (ID,URL,PLAYGROUND_ID) values (8,'https://firebasestorage.googleapis.com/v0/b/playground-2e00d.appspot.com/o/8.jpg?alt=media&token=0963e2c5-c2d5-4055-a158-f31983e944e4',18);
insert into IMAGE (ID,URL,PLAYGROUND_ID) values (9,'https://firebasestorage.googleapis.com/v0/b/playground-2e00d.appspot.com/o/9.jpg?alt=media&token=ebc164a8-6655-4713-9b6c-3594a722626c',19);
insert into IMAGE (ID,URL,PLAYGROUND_ID) values (10,'https://firebasestorage.googleapis.com/v0/b/playground-2e00d.appspot.com/o/10.jpg?alt=media&token=a586e4dc-a62c-4c8a-a0cd-dda81a6c159f',20);
*/